user_id,name
1,Michael Christopherso
2,Patricia Lee
3,Catherine Bullins
4,Lisa Runkle
5,Robert Rossi
6,Justin Caron
7,Debbie Williams
8,Charles Porter
9,Sebastian Webster
10,Nina Twitty
11,James Corsaut
12,Molly Kelly
13,Antonio Shaw
14,Jason Goud
15,Everett Bedgood
16,Horace Woo
17,Young Caldwell
18,Scott Vargas
19,Andrew Lynch
20,Frances Barragan
21,Kathryn Son
22,June Maguire
23,Robin Smith
24,Vickie Love
25,Roderick Lemonds
26,Lorraine Cook
27,Chad Ragusa
28,Edward Attridge
29,Shawn Gates
30,Hazel Guevara
31,Freddie Evans
32,Alice Padmore
33,Kathleen Allison
34,James Wallace
35,David Strieker
36,James Green
37,John Johnson
38,Carolyn Vigo
39,Jennifer Brown
40,William Neilson
41,Sandra Tozier
42,Marlen Lopez
43,Mary Valles
44,Denise Scott
45,Martha Murphy
46,Robert Clark
47,Richie Etienne
48,Christopher Osbourn
49,Jeffrey Powers
50,Antonia Vanfleet
51,Merilyn Lee
52,Edward Anderson
53,Lillian Currin
54,Christoper Gramc
55,Judith Kessel
56,Samuel Barron
57,Ronald Lott
58,Aaron Flores
59,Roberta Stewart
60,Jeffery Likio
61,Barbara Schram
62,Roger Lewis
63,Marsha Perry
64,Danielle Cuellar
65,Ronald Kirby
66,Christine Grundy
67,Jeffrey Malone
68,Vilma Wykes
69,Albert Faughnan
70,Misty Tuley
71,Charlene Howard
72,Dale Cameron
73,Janet Bush
74,Marie Geiger
75,Erin Walker
76,Mary Russell
77,Paul Davis
78,Lorinda Kelly
79,Randall Wade
80,Robert Raley
81,Ernest Prewitt
82,Stephen Clemmer
83,Brad Yuen
84,Billy Smallwood
85,Hal Murray
86,Imelda Hall
87,Frank Holtz
88,Pedro Vasquez
89,Jacqueline Lotton
90,Patrick Rutherford
91,Lakeisha Wright
92,Cody Herzog
93,Curtis Roy
94,Louise Whitener
95,Susan Harbour
96,Ricky Blythe
97,Anthony Branham
98,Carl Reynolds
99,Lillian French
100,Adeline Oneill
101,Jennifer Capps
102,James Turner
103,Aaron Renfrow
104,Mary Kelso
105,Betty Garry
106,Sherry Sweat
107,Jazmin Sorenson
108,James Brown
109,Carlee Schiffman
110,Eva Watts
111,Mary Nutting
112,Linda Painter
113,Guillermo Kenyon
114,Terry Hitchcock
115,Carol Dubard
116,Frederick Sterns
117,Kindra Unzicker
118,Michael Francisco
119,Brandon Martin
120,Cecil Pak
121,Darlene Grant
122,Charles Keefe
123,Donald Murtha
124,Charles Kirk
125,Erin Heck
126,Megan Worthy
127,Kristine Kinard
128,Tiffany Cruzan
129,Patricia Chan
130,Debra Fuentes
131,Charles Golden
132,Cynthia Mccord
133,Chang Mariner
134,Spencer Robinson
135,Jose Crews
136,Edna Lopes
137,Francis Lucas
138,Kenneth Spera
139,Robert Felipe
140,Sidney Rose
141,Diane Brim
142,Mollie Allen
143,Antonio Walters
144,Julie Lewis
145,Roland Hall
146,Daryl Banks
147,Christopher Grayson
148,Marion Boldenow
149,Devin Delzer
150,Betty Schmidt
151,Nina Zachary
152,Anthony Smith
153,Tom Martinez
154,James Roehl
155,Mary Ross
156,Edna Smock
157,Deborah Caldwell
158,Trisha Trevino
159,Roy Holloway
160,Lance Tate
161,Juanita Lunt
162,Alice Fowler
163,Sarah Lugo
164,Elizabeth Pierre
165,Mitchel Mcnitt
166,Dale Green
167,Carlos Ratliff
168,Joseph Harr
169,Jason Preciado
170,Pearl Frank
171,Joyce James
172,Thomas Glover
173,David Wilkinson
174,Stephanie Debois
175,Georgetta Mcfall
176,Patricia Gilliam
177,Richard Duncan
178,Joseph Christou
179,Damon Benjamin
180,Kim Augustus
181,Connie Svenson
182,Lester Lord
183,Linda Williams
184,Dorothy Hartz
185,Betty Lee
186,Harold Zinn
187,Sally Hubbard
188,Jerry Anderson
189,Charles Tracey
190,April Jones
191,Richard Putman
192,Rodney Boyd
193,Madeleine Flaming
194,Lee Miracle
195,Brenda Walls
196,Thomas Satcher
197,Sharon Harris
198,George Ouellette
199,Ray Hill
200,James Litzau
201,Kenneth Jackson
202,Scott Sylvester
203,Norma Gresham
204,Elizabeth Hines
205,Marilyn Mcnally
206,Gregory Mercer
207,Keith Nations
208,Marcy Delvalle
209,Vanessa Haynes
210,Jack Spagnuolo
211,Janet Hinkle
212,Maria Holst
213,Shirley Hughes
214,Eileen Munch
215,Susan Knauss
216,Bette Powell
217,Loretta Gates
218,Ronald Rankin
219,Vickey Griffin
220,Rosa Marquez
221,Ollie Brunk
222,Viviana Elliott
223,George Oneil
224,Tammy Dillahunt
225,Shawn Flowers
226,Angela Nunn
227,Richard Jones
228,Teresa Strand
229,Shelley Patton
230,Michael Valenzuela
231,James West
232,James James
233,Debra Torkelson
234,Joanne Adler
235,Juana Romanowski
236,Michael Smiley
237,Eusebio Debroux
238,Judy Hooper
239,Herbert Martin
240,Martha Salido
241,Geneva Mefford
242,Charles Johnson
243,Patsy Skidgel
244,Donna Manos
245,Joseph Porter
246,Catherine Lovely
247,Madge Duffy
248,Michael Harper
249,Debbie Betzer
250,Larry Allen
251,Derek Lynaugh
252,Joel Perry
253,Brandon Mastoris
254,April Fox
255,Barry Gonzalez
256,Cordelia Hale
257,Gregory Costley
258,Tracie Berry
259,Lisa Tilley
260,Susan Hopkins
261,Joyce Morales
262,Michael Emme
263,Orville Honn
264,Curtis Nunez
265,Anthony Gibson
266,Scott Draper
267,Bianca Ashmen
268,Sierra Worthington
269,Kimberly Wilbanks
270,Ronald Alguire
271,Tessa Tutas
272,Mary Blanche
273,Glenn Thomas
274,Naomi Johnson
275,Kerry Bethune
276,Anna Rodgers
277,Sara Edwards
278,Sean Silbert
279,William Elliott
280,Thomas Oneill
281,Irene Shawler
282,Anthony Kenny
283,Maria Jackson
284,Phillip Bender
285,Efrain Hill
286,Vicki Furlong
287,David Beckwith
288,Patricia Crawford
289,Ruby Schoonover
290,Matthew Simpson
291,Curtis Eaton
292,Casandra Arno
293,Nicholas Nance
294,David Jarvis
295,John Joseph
296,Kathryn Stegall
297,Ruth Davison
298,Stefanie Evans
299,Jean Dorch
300,Jeff Conover
301,Stephen Barnes
302,Beverley Soto
303,John Jones
304,John Betters
305,Esperanza Rosas
306,Anna Pursell
307,Lorena Plummer
308,Daniel Colon
309,Josephine Cruz
310,Dora Cassano
311,Scott Smith
312,Irvin Olcott
313,Drew Barraza
314,Kimberly Roy
315,John Brown
316,Casey Barre
317,Ed Rice
318,Robert Jacob
319,Charlie Molina
320,Michael Chapman
321,Lillie Maxwell
322,Kenneth Elliott
323,Eugene Wolfe
324,Andrea Dulin
325,Jonathan Tell
326,Brandon Siske
327,Mary Williams
328,Larry Sanchez
329,Margaret Hamilton
330,Matthew Michaels
331,William Lewis
332,Louis Battaglia
333,Sandra Roberts
334,Mary Brush
335,Charles Green
336,Melvin Gamino
337,Richard Baker
338,Diane James
339,Sonya Hennemann
340,Richard Hunt
341,John Meehan
342,Laura Rodriguez
343,Tegan Miles
344,Travis Parker
345,Manda Fifield
346,Myrtle Horiuchi
347,Sonia Johnson
348,Jacqueline Brewer
349,Carolyne Raines
350,Brandi Nixon
351,Harry Johnson
352,Susanna Beachy
353,John Edelson
354,Deborah Perez
355,Amanda Rosales
356,Sheree White
357,Patricia Hicks
358,Dianna Murphy
359,Crystal Neri
360,Oscar Bijou
361,Cynthia Jones
362,Ronald Hinojosa
363,Anthony Lavigne
364,Julian Islam
365,Linda Henderson
366,Mark Johnson
367,Thomas Holbrook
368,Julian Collinsworth
369,Vicki Joseph
370,Vincent Mayo
371,Teresa Farley
372,Edward Craig
373,Maria Deuell
374,Angie Nova
375,Denise Alonso
376,Consuelo Petersen
377,Francis Gilbert
378,Luz Cambell
379,Scott Ruggiero
380,David Moreno
381,Mary Lamar
382,Erica Bunnell
383,Carmen Ellis
384,Walter Wansley
385,Anthony Martin
386,Sylvester Burris
387,Thelma Burks
388,Willard Staten
389,Quentin Young
390,Dorothy Lenoir
391,Shawn Kurkowski
392,Jeffrey Yazzie
393,Jerry Browne
394,Vincent Fox
395,Judy Rice
396,Terry Hanson
397,Harold Irish
398,Donovan Garner
399,Terri Davis
400,Carl Pierce
401,Hugh Adams
402,Danny Frank
403,Ella Hicks
404,Alvin Notis
405,Christopher Nelson
406,Janice Ames
407,Gary Lee
408,Walter Nino
409,Michael Neer
410,Delaine Barbin
411,Jeffrey Brookins
412,Ben Richard
413,John Martinez
414,Laura Caldwell
415,Robert Hines
416,Virginia Jones
417,Darrel Nguyen
418,Aaron Williamson
419,Karen Peters
420,Robert Nash
421,John Orcutt
422,Michael Fernandes
423,Elaine Brown
424,Goldie Boles
425,Juan Scott
426,Matthew Jean
427,Erin Dorsey
428,James Thomas
429,Mildred Simmons
430,Jose Sandler
431,Terry Best
432,Sarah Davis
433,Linda Fisk
434,Suellen Leslie
435,Bobby Shea
436,Lester Lane
437,Tanisha Dill
438,Florence Irvin
439,Manual Ward
440,Bobbie Anderson
441,Eugene King
442,Velma Knower
443,Esther Alo
444,Mathew Lindsey
445,Laura Maher
446,Barry Gisin
447,Evan Sheldon
448,Deborah Long
449,James Qualls
450,Sandra Willis
451,Selina Smith
452,Sonny Mora
453,Joseph Segarra
454,Jordan Moore
455,John Daliva
456,Christine Gomez
457,Wayne Pratt
458,John Lheureux
459,Kenneth Cubias
460,Thomas Boden
461,Donald Broom
462,Gerald Norman
463,Michael Cromwell
464,Joel Watson
465,Sarah Robinson
466,Samual Pedraza
467,Fernando Yates
468,Rebeca Vazquez
469,John Ransom
470,Terry Turner
471,Thomas Klinger
472,Keith Gerber
473,Lakeshia Santiago
474,Dale Hodges
475,Albert Hartman
476,Trevor Oaks
477,Stacey Nettles
478,David Moore
479,Cathy Meyers
480,Dale Cox
481,Aleshia Johnson
482,Sara Britt
483,Charlotte Tisdale
484,Kenneth Garcia
485,Quinton Herrington
486,Eugene Surbaugh
487,Darlene Brockway
488,Arnold Gross
489,Bruce Moons
490,Shirley Hobbs
491,Robert Ashley
492,John Mayhugh
493,Stephanie Middaugh
494,Brian Coller
495,Jeffrey Crabtree
496,Rosa Zipfel
497,George Sousa
498,Stacey Hoy
499,Randy Smith
500,Andrew Davy
501,Frank Sands
502,Helen Arredondo
503,Gerald Howard
504,David Carr
505,Bianca Martinez
506,Larry Lucas
507,Joy Williams
508,Stanley Miles
509,Barbara Willoughby
510,Donna Gracia
511,Denise Pisano
512,Roberto Jacques
513,Emma Underhill
514,Fred Beauchemin
515,Kenneth Lopez
516,Tom Brown
517,Kevin Roberts
518,Germaine Lydon
519,Ann Watson
520,Jim Burkhart
521,Gerald Mclennan
522,Beulah Castrey
523,Karen Kinney
524,David Bradshaw
525,Alicia Nunez
526,Hilda Martines
527,Eddie Garcia
528,Patrick Dennison
529,Nancy Maurer
530,Jessica Salzman
531,Richard Sorrell
532,Gerald Gibson
533,Joseph Steiner
534,Emilia Williams
535,Ethel Lane
536,Jane Jackson
537,George Smith
538,Joshua Moshier
539,Paul Waller
540,Evangelina Fitzgerald
541,Paul Mireles
542,Ben Reeves
543,Brandy King
544,Doris Fischer
545,Jason Misiaszek
546,Wayne Mcculley
547,Linda Cooper
548,David Massengale
549,Lawrence Meeler
550,James Tuder
551,Laura Bannerman
552,Frank Burns
553,Leslie Credle
554,Ryan Cryer
555,Lee Szymanski
556,Chris Kim
557,Gregory Peck
558,Stephanie Parsons
559,Greg Cooper
560,Kim Henderson
561,Sanjuana Ing
562,Jason Alexander
563,Mary Mckinney
564,Jack Cadwell
565,Patricia Wheeler
566,Steven Kintopp
567,Howard Miller
568,Crystal Chenoweth
569,Anthony Presha
570,Kevin Sinclair
571,Herbert Floresca
572,Darius Zuidema
573,Mark Low
574,Elaine Siddiqui
575,David Doud
576,Richard Bonner
577,Lakeisha Back
578,Edward Ochoa
579,Chandra Liestman
580,Laura Jackson
581,James Perrucci
582,Amy Peacock
583,Richard Barker
584,Julia Culbertson
585,Merle Fletcher
586,Ashlee Jordan
587,Paul Fields
588,Ashley Wallace
589,Henry Vang
590,Roger Meyers
591,Mary Tolston
592,John Dickerson
593,Donald Dekany
594,Patty Lachner
595,Audrey Kuhl
596,Janet Mcgeeney
597,Thelma Clyde
598,Cary Hayden
599,Lori Fernandez
600,George Fitzwater
601,Lester Stewart
602,Kenneth Ford
603,William Atkinson
604,Ashley Ware
605,Angela Rucker
606,Griselda Golay
607,David Stone
608,Lucille Gomez
609,Janet Jolly
610,Lloyd Piche
611,Cindy Taylor
612,Anamaria Rancourt
613,Kristi Darr
614,Thelma Owens
615,Jessica Boyd
616,Michael Rivers
617,Loretta Kieff
618,Rosalba Harrison
619,Henry Moore
620,Eileen Babbitt
621,Ward King
622,Rose Loos
623,Joseph Kramer
624,Clifton Hughes
625,Maurice Glass
626,Edward Hoag
627,Fern Martinez
628,Marlin Howell
629,Kristen Russell
630,Donald Scott
631,Lisa Glover
632,Ruth Butler
633,Christina Minihane
634,Ilene Schmitt
635,Joey Connolly
636,Andrea Zvorsky
637,Joseph Albright
638,Heather Pearce
639,Stephen Hayward
640,Robert Stamour
641,Alejandro Eurich
642,Martha Shadwick
643,Violet Rice
644,Mildred Tucker
645,Juan Waldrop
646,Richard Kuhn
647,Dorothy Johnson
648,Verline Ledoux
649,Ina Renteria
650,Jessica Peck
651,Ross Stowell
652,Douglas Starr
653,Frank Chiquito
654,Judith Ramirez
655,Jimmie Medeiros
656,Robert Matthews
657,Florence Whitson
658,Jessica Sliger
659,Lila Dorr
660,Raymond Arnaud
661,Alyce Bell
662,Jeffrey Klarich
663,Garth King
664,Ryan Villalta
665,Barry Brooks
666,Melissa Chambley
667,Brandon Hall
668,Jack Junior
669,Lois Parrish
670,Henry Soto
671,Heather Sanders
672,Emilio Lemke
673,Elwood Hughes
674,Claire Sedlock
675,Thomas Tippetts
676,Phyllis Osborne
677,Jeffry Martin
678,Alice Piccirillo
679,Janet Covington
680,Steven Richardson
681,Rodney Oberry
682,Mandy Richardson
683,Amiee Rhine
684,Jaime Nakamura
685,Sandra Robertson
686,William Donaway
687,Robert Kellam
688,Marie Smith
689,Chelsie Leonard
690,Billy Cannon
691,Margaret White
692,Anthony Schmidt
693,Evelyn Whish
694,Rose Rich
695,George Blair
696,Raul Nicholson
697,Alisha Schillaci
698,Ora Holt
699,Barbara Dammen
700,Pablo Youngman
701,Corey Lawson
702,Robert Guzzi
703,James Hines
704,Samantha Williams
705,Grace Tanner
706,Manuel Merritt
707,David Ramon
708,Jennifer Ouellette
709,Susan Aldridge
710,Brian Hebert
711,Lee Gomez
712,Marion Allen
713,Alberto Baptiste
714,Franklin Maiava
715,Carl Ramirez
716,Dorothy Black
717,James Moody
718,Michael Cramer
719,Margaret Torres
720,Martha Mcclinton
721,Francis Joy
722,Joaquin Mcferren
723,Jana Covert
724,Jean Banks
725,Beulah Wilkerson
726,Kelvin Graves
727,William Rasmussen
728,Amy Carroll
729,Gail Ramos
730,Gwendolyn Lebaron
731,Robert Sifford
732,Debbie Costello
733,Cynthia Sutton
734,Claire Patterson
735,Ralph Mcclaine
736,Dorothy Pearson
737,Bradly Nygaard
738,Catherine Rankin
739,John Renfrew
740,Russel Valverde
741,Diane Moore
742,Sabrina Vincent
743,Valarie Graziano
744,Thomas Lewis
745,Nathan Rivers
746,Joseph Latimer
747,Rebecca Hardnett
748,Irene Nolan
749,Christine Garduno
750,Jimmy Waller
751,Lynne Dougherty
752,Margaret Seligman
753,Sharon Free
754,Valencia Morin
755,Matthew Mccaughey
756,Cynthia Keagle
757,Catherine Demetro
758,Corinne Sells
759,Yvonne Kelly
760,Judith Reid
761,Roy Cozzolino
762,Doris Conway
763,Phyllis Mccoy
764,Janelle Marshall
765,Earnest Lowe
766,Angela Wadas
767,Stephen Stepp
768,Jan Granier
769,Leilani Hughes
770,Annette Feldman
771,Michael Burke
772,Johnnie Caccavale
773,Jack Devaney
774,Kaye Luther
775,Michael Leon
776,Katherine Stacy
777,Christine Tillman
778,Michael Casey
779,Randy Lease
780,Benton Baker
781,Wayne Williams
782,Ivy Howell
783,Guy Olivares
784,Susan Williamson
785,Derick Raines
786,Juan Reed
787,Patricia Chin
788,Earl Homan
789,Valerie Ware
790,Rachel Turner
791,Elliott Martin
792,Cara Brothers
793,Annie Overton
794,Jacqueline Sulc
795,Orville Ortega
796,Edward Pele
797,Merlin Kirkwood
798,Marvin Wilson
799,Tonya Nalevanko
800,Gerardo Wallace
801,Janice Vitt
802,Roy Eldridge
803,Margie Marquez
804,Robert Burnett
805,Joshua Schmidt
806,Matt Jackson
807,Eugene Taggert
808,Frank Hendrickson
809,Donald Costello
810,Jean Moody
811,Marjorie Cassidy
812,Nellie Norman
813,Kathleen Lewis
814,Linda Frazier
815,Randy Fisk
816,Lloyd Wms
817,Katherine Williams
818,Harold Mova
819,Daniel Barnard
820,Ryan Garner
821,Raymon Corrales
822,John Smith
823,Ann Velasco
824,Betty Ackley
825,Leslie Myers
826,Michael Dills
827,Alfredo Miller
828,Chris Carr
829,Jaqueline Hench
830,Judy Gardner
831,Michael Haddock
832,Alan Hoffman
833,Martha Barto
834,Heather Ferraro
835,Tracy Dodd
836,Amy Johnson
837,Jennifer Porter
838,Carolyn Cooper
839,Ann Whitman
840,Owen Hernandez
841,Carey Lee
842,Dale Auxier
843,Hazel Clardy
844,Morris Jobe
845,Michael Haug
846,Richard Ellis
847,Arlena Lamb
848,Stella Silva
849,Nancy Scarborough
850,Samantha Peterson
851,Guy Clark
852,Elizabeth Whiting
853,Paula Gardner
854,Arthur Roye
855,Clarence Eiben
856,Brad Bundren
857,Mary Cummings
858,Joe Hillegas
859,George Ramesh
860,William Gronewald
861,Barry Lew
862,Mary Putt
863,Alice Bostic
864,Peggy Gordon
865,Lloyd Adams
866,Kathryn Calkins
867,Terrance Barakat
868,Danielle Edwards
869,Jacqueline Shaw
870,Loren Mcvey
871,Jane Ernst
872,Lynnette Maguire
873,Wendy Forget
874,John Pierce
875,Charles Milford
876,George Mattingly
877,Maria Moilanen
878,Albina Martin
879,Marianna Shanahan
880,Wesley Bell
881,Patrick Waibel
882,Lamont Gilbert
883,Sanjuanita Trujillo
884,Santa Cornell
885,Gay Brown
886,Noah Koch
887,James Smith
888,Anthony Myer
889,Carmel Hawkins
890,Jackie Ogren
891,Alma Mccullough
892,Henry Pulcher
893,Isabel Archuleta
894,Nellie Keirn
895,Dorothy Studdard
896,Micheal Torres
897,Christie Troiano
898,Spencer Greene
899,Lacy Schmaltz
900,Homer Guzman
901,Darlene Westray
902,Bruce Jone
903,Ruth Romero
904,John Milo
905,Mary Berrios
906,Ryan Mullins
907,James Carswell
908,Max Poe
909,Nancy Bedwell
910,Beverly Sanchez
911,Lawrence Xayasith
912,Barbara Beck
913,Brenda Rooks
914,Anthony Mosley
915,Karen Sample
916,Glenn Heckard
917,Rosemary Rayburn
918,Andrew Davis
919,Nicole Speis
920,Barry Aldana
921,Edward Hodge
922,Christina Cox
923,Richard Warren
924,Lorene Natale
925,Richard Murdock
926,Mark Preston
927,Larry Ferrer
928,Julie Tacadina
929,Stacie Cotton
930,Krystal Ali
931,Staci Carlson
932,Angela Smith
933,Lemuel Lynch
934,Reyna Garrett
935,Diane Maldonado
936,Maria Vanwassenhove
937,Antonio Priester
938,Alton Murray
939,Michael Toppa
940,Deonna Culler
941,Nancy Arnold
942,Sherrie Sirmans
943,Martha Dillingham
944,Shirley Courtney
945,John Baumeister
946,Kathleen Newsome
947,Warren Navarro
948,Shannon Watson
949,Scotty Jerman
950,Gerald Cathcart
951,Stanley Postell
952,Cheryl Leskovec
953,Michele Rivera
954,Maxine Barber
955,Daisy Williams
956,Mary Phillips
957,Gloria Anderson
958,Donald Esparza
959,Sherry Harris
960,John Pralle
961,Mary Freund
962,Alice Saavedra
963,Jeff Manning
964,Angel Elliott
965,Mary Perez
966,Robin Honor
967,James Cantu
968,Kenneth King
969,Craig Weber
970,Michael Moreno
971,Nathaniel Saxton
972,Roland Rodrigues
973,Robert Delapp
974,Leslie Baldwin
975,Oma Domino
976,Nancy King
977,Linda Grisham
978,Thomas Evens
979,Vickie Moss
980,Troy Sells
981,Barbara Monahan
982,Jennifer Gaskin
983,Sarah Willard
984,Taylor Pomeroy
985,Maria Abraham
986,Chelsea Shemwell
987,Esther Talty
988,Marie Blasen
989,Magdalena Seigel
990,Annie Sanders
991,Michelle Riddle
992,Bess Wilson
993,Antione Rochford
994,Samuel Thomas
995,Linda Grady
996,John Solomen
997,Ramon Phillips
998,Nancy Collier
999,Donald Massey
1000,Chandra Carpenter
1001, UNKNOWN