user_id,email
1,1w6i39salz@yahoo.com
2,wyxb1@outlook.com
3,kd0avk@aol.com
4,r4vnl@gmail.com
5,1y5lj0fwk@yahoo.com
6,vion2llw@outlook.com
7,rfc36jvc1h@aol.com
8,0uc76m5d@gmail.com
9,i1f86whvq@yahoo.com
10,pqlto@outlook.com
11,qt1ny4iqy@aol.com
12,wwdo2f5jhw@gmail.com
13,vg7ec75c@yahoo.com
14,ys6rb7tt6f@outlook.com
15,p3phn2l@aol.com
16,xaylbwbryj@gmail.com
17,szsvhsstqh@yahoo.com
18,wcawulanmq@outlook.com
19,dkam36go1s@aol.com
20,i40z1@gmail.com
21,encgbo8ts8@yahoo.com
22,xyfdr@outlook.com
23,81kmxlt9@aol.com
24,b5q9s2@gmail.com
25,krpx4uk@yahoo.com
26,oscg47@outlook.com
27,ifec2@aol.com
28,k2xm63cwfx@gmail.com
29,lssvy7nt6a@yahoo.com
30,kcgnizqv@outlook.com
31,5i7o9lr0@aol.com
32,bvk4xasb@gmail.com
33,0a8vh2a2fs@yahoo.com
34,q7klf1o@outlook.com
35,75ellx@aol.com
36,1j2vl1ekz@gmail.com
37,r7c9t0ixs@yahoo.com
38,dumu803@outlook.com
39,htwc35@aol.com
40,d9r122@gmail.com
41,lf7alkhld@yahoo.com
42,ig3qgc@outlook.com
43,buiwz@aol.com
44,cn2tt3@gmail.com
45,53oui4@yahoo.com
46,bholdpbv53@outlook.com
47,1dhswkb@aol.com
48,6gbu4hhd@gmail.com
49,q9mo1@yahoo.com
50,g4lyo@outlook.com
51,amru1a3caz@aol.com
52,nvoht0fmfb@gmail.com
53,wsvizw0waz@yahoo.com
54,vkhe9f@outlook.com
55,4wh84wbif@aol.com
56,ngnrmz5wo@gmail.com
57,ypjng8ui0@yahoo.com
58,xz425w@outlook.com
59,084bcuzes7@aol.com
60,fkiu3b0y@gmail.com
61,j8snmed1@yahoo.com
62,37thx0jq@outlook.com
63,r4h25tsnm8@aol.com
64,re328ha@gmail.com
65,7eypdqt@yahoo.com
66,u4809obmz8@outlook.com
67,wdnn120l@aol.com
68,7w9z1vi7q@gmail.com
69,rlxwz64wvj@yahoo.com
70,0y7yrgqa@outlook.com
71,vps3myx@aol.com
72,x1nmc8u2c@gmail.com
73,bfmds8mz@yahoo.com
74,x5k1508@outlook.com
75,2ohi6c8az4@aol.com
76,0o0yc6h@gmail.com
77,bs7altz@yahoo.com
78,3kikyhh@outlook.com
79,enr4kqxrap@aol.com
80,vtphtj0x@gmail.com
81,ehyj7x@yahoo.com
82,ut62l@outlook.com
83,lzx6rbwk7v@aol.com
84,08wcs@gmail.com
85,b65juf5v2@yahoo.com
86,4exwtwzuh@outlook.com
87,vy4wjl@aol.com
88,80qftdh@gmail.com
89,5pzwumzm4@yahoo.com
90,b9am38i@outlook.com
91,ba9vw6pam@aol.com
92,xx5j8@gmail.com
93,r7v6po@yahoo.com
94,fs9ex0gx67@outlook.com
95,448tjs@aol.com
96,pwicjyc@gmail.com
97,2njuynxe9@yahoo.com
98,3yk0adhp@outlook.com
99,a0iai@aol.com
100,i5m8az@gmail.com
101,4iwj86@yahoo.com
102,m62u7d@outlook.com
103,2bqag@aol.com
104,hrqt6wz@gmail.com
105,prsvv8iu0s@yahoo.com
106,t1kkuz8n33@outlook.com
107,kimyykum63@aol.com
108,c4k6r3lz@gmail.com
109,4vcrhie57@yahoo.com
110,7pb0d@outlook.com
111,8yohg44a@aol.com
112,bn3e3r@gmail.com
113,rh9k5@yahoo.com
114,6afbgz9n42@outlook.com
115,12enuxe9p@aol.com
116,8h2brv@gmail.com
117,5b5niiq2c7@yahoo.com
118,n3ka4@outlook.com
119,n322wo@aol.com
120,8pxzv0399@gmail.com
121,ggyrb@yahoo.com
122,knt05@outlook.com
123,9zmih4cl@aol.com
124,jm9pvj0@gmail.com
125,m79w2r@yahoo.com
126,3j381h9x@outlook.com
127,u2wwt7@aol.com
128,dql20mt@gmail.com
129,kaj83wd@yahoo.com
130,21y275rfc@outlook.com
131,cqqjpw2@aol.com
132,5m3y2x0g7h@gmail.com
133,oiac49q@yahoo.com
134,bhc73yjst@outlook.com
135,vefwtqv@aol.com
136,u7jsx8@gmail.com
137,8p6iss@yahoo.com
138,v4zu7qqivt@outlook.com
139,cm0xc1ikk@aol.com
140,0gdcro@gmail.com
141,sgvx6@yahoo.com
142,9pedubkg09@outlook.com
143,wofm0@aol.com
144,t1jg634pp@gmail.com
145,ym1ez5dk@yahoo.com
146,rz59v1@outlook.com
147,s877tawv@aol.com
148,flnjcr58@gmail.com
149,vl5ll@yahoo.com
150,itfizdny@outlook.com
151,0ufxbzotga@aol.com
152,bjcj4l@gmail.com
153,l42yev4fn@yahoo.com
154,i6om3it9qo@outlook.com
155,5ve45@aol.com
156,qzfmf5xz@gmail.com
157,b8w1nyyuvr@yahoo.com
158,8xp8cfwrho@outlook.com
159,508kafq1@aol.com
160,ph9lt3b@gmail.com
161,jv95y@yahoo.com
162,43i1gub4w@outlook.com
163,ouebvewsn@aol.com
164,pqwtvm@gmail.com
165,rgf3tq5@yahoo.com
166,8t4bfo4wr@outlook.com
167,8087f@aol.com
168,b4wwtrj8x@gmail.com
169,h8fyu@yahoo.com
170,0cb0v@outlook.com
171,jaq62apej4@aol.com
172,31zlmxdf6s@gmail.com
173,oho1c@yahoo.com
174,f9yznl0ukc@outlook.com
175,er2n8@aol.com
176,tcqcdb@gmail.com
177,6mn8e1s3@yahoo.com
178,1bxflk211@outlook.com
179,uoaq8@aol.com
180,4l591od@gmail.com
181,qmt53d@yahoo.com
182,9o4zmr9m@outlook.com
183,3v6shl@aol.com
184,onuqp5ats@gmail.com
185,9k88z3rh@yahoo.com
186,gjzopb@outlook.com
187,kpnwy@aol.com
188,u1x8b@gmail.com
189,r5cq38j@yahoo.com
190,dz39npdphy@outlook.com
191,4pymp@aol.com
192,7gz2yq@gmail.com
193,ccdo0mthd@yahoo.com
194,xvw7p2r5@outlook.com
195,6q94ik@aol.com
196,wf0y9birsf@gmail.com
197,wc6abicg@yahoo.com
198,qcl7jklsjq@outlook.com
199,lqt7pv@aol.com
200,yjr8k5070e@gmail.com
201,ea6sptyft@yahoo.com
202,8iv0n@outlook.com
203,xjaym@aol.com
204,jy6em@gmail.com
205,gvxqt2km9@yahoo.com
206,ksumfx@outlook.com
207,4tf86pbil@aol.com
208,tzx2o1@gmail.com
209,1it8m8j1@yahoo.com
210,9xc7k1lih3@outlook.com
211,imgulniw@aol.com
212,565se1qk@gmail.com
213,lwmwl@yahoo.com
214,q0tb1o@outlook.com
215,kk0xo5g9kh@aol.com
216,ta3o0h@gmail.com
217,fdxf7@yahoo.com
218,ybpsr833@outlook.com
219,t7g39vn@aol.com
220,o0tl96g@gmail.com
221,eseheswi@yahoo.com
222,5vzsvncf3@outlook.com
223,ynpho2x7ny@aol.com
224,qisy76@gmail.com
225,andz5@yahoo.com
226,pdfzfj@outlook.com
227,4kynq5@aol.com
228,93hm8v8qrw@gmail.com
229,l5cm3jp7@yahoo.com
230,eh7y7u@outlook.com
231,xkrpg8@aol.com
232,bj341lmhld@gmail.com
233,oy2hwcw@yahoo.com
234,gbi825@outlook.com
235,iwmsu4xi@aol.com
236,4j1h1zqlzu@gmail.com
237,ap9vtlil@yahoo.com
238,1x69ui1g9u@outlook.com
239,3po7irawe@aol.com
240,3xjc6rpei@gmail.com
241,yp8yvwod2@yahoo.com
242,0mfqifscva@outlook.com
243,7vz3ft@aol.com
244,9aiuhlee@gmail.com
245,ht9hh8o@yahoo.com
246,1f8lm6t@outlook.com
247,kjmiy@aol.com
248,jpjrq@gmail.com
249,j6uq9k8w8f@yahoo.com
250,fzhxwlhe0k@outlook.com
251,f8rx9gd4z9@aol.com
252,5g0f2e9@gmail.com
253,iieciatc@yahoo.com
254,3nq18uf8pb@outlook.com
255,4fnqp@aol.com
256,taqps@gmail.com
257,w2pwbm0m6r@yahoo.com
258,9wfbdcit6@outlook.com
259,jw6d94i70@aol.com
260,mezfqv@gmail.com
261,xbjtwsg73@yahoo.com
262,9m22kl@outlook.com
263,ll3otsp5f@aol.com
264,0dty2m@gmail.com
265,864g7@yahoo.com
266,3jizl6@outlook.com
267,k4k58h@aol.com
268,xxb8e@gmail.com
269,5n79q@yahoo.com
270,4d18wel5n@outlook.com
271,q22d64hit@aol.com
272,eapnnv@gmail.com
273,bodp6hz1t@yahoo.com
274,xu3pl6@outlook.com
275,9nthqj@aol.com
276,ho8z097b@gmail.com
277,fkudkjs@yahoo.com
278,00zvbb80@outlook.com
279,3mqgg@aol.com
280,5mdoaz5mj@gmail.com
281,wa8sse@yahoo.com
282,cx2uexpv@outlook.com
283,t38wyfcc@aol.com
284,0qzd3v5y2@gmail.com
285,mb2hj@yahoo.com
286,330pcfbwar@outlook.com
287,tcste@aol.com
288,tt11k201z@gmail.com
289,89i93b6yjs@yahoo.com
290,jptwtb@outlook.com
291,m10en4y99@aol.com
292,k33xcr3n@gmail.com
293,x9q34ou9f0@yahoo.com
294,jnyyua2zpr@outlook.com
295,qlv157vy@aol.com
296,j6mfp@gmail.com
297,13fnhk3@yahoo.com
298,nhlwjeg@outlook.com
299,1858muakh@aol.com
300,2lyvhqg6kk@gmail.com
301,ahdx0fiz@yahoo.com
302,7gc9meykj2@outlook.com
303,d5zoedac@aol.com
304,fp9ey50@gmail.com
305,bmoa9zjq9a@yahoo.com
306,v1obwuhul@outlook.com
307,56i6qe6e@aol.com
308,0fy7a3@gmail.com
309,x98mtvm7@yahoo.com
310,o18onrtsr@outlook.com
311,chjuwz@aol.com
312,hza4m@gmail.com
313,j2sl5t76g@yahoo.com
314,i8vuj@outlook.com
315,dyx5qfb@aol.com
316,3glmac6@gmail.com
317,m6j21pa182@yahoo.com
318,sg2h4atz7@outlook.com
319,y4rvy118f@aol.com
320,el4akm9bjr@gmail.com
321,wgeioovxm@yahoo.com
322,2wj4vmm9@outlook.com
323,vob2udpgs@aol.com
324,vszm1j6@gmail.com
325,bma66vn@yahoo.com
326,xqm3kyyc6@outlook.com
327,1mmc1pzl@aol.com
328,6158x@gmail.com
329,xc9w4ut@yahoo.com
330,cktxl@outlook.com
331,40uk1z@aol.com
332,9khzg@gmail.com
333,4qtil6joy8@yahoo.com
334,xcj29@outlook.com
335,tn2qi5r3wx@aol.com
336,c59gq@gmail.com
337,t4zxn@yahoo.com
338,icbja@outlook.com
339,5zeab@aol.com
340,wgscxgd1r@gmail.com
341,2ewq23k9m@yahoo.com
342,ujh3bla@outlook.com
343,j94bnkte@aol.com
344,a1gk2uoj@gmail.com
345,f75g3@yahoo.com
346,fo8uoe5x@outlook.com
347,g64qsekuin@aol.com
348,lpraw@gmail.com
349,x214qj9fg@yahoo.com
350,logqpariq@outlook.com
351,jd4sso1y@aol.com
352,hyimhxl11@gmail.com
353,2y13lx@yahoo.com
354,0obbjj8@outlook.com
355,d57hbo@aol.com
356,i0igkysn@gmail.com
357,z2s5llvbx@yahoo.com
358,p54v34iko@outlook.com
359,ufiuf@aol.com
360,hy8ez37un@gmail.com
361,oxwtai1z7@yahoo.com
362,3orgy7h2@outlook.com
363,1bhxxzwr@aol.com
364,kel3ee@gmail.com
365,a28fe2x5hm@yahoo.com
366,a1t51rqh4@outlook.com
367,w9vxtiq@aol.com
368,xefqg7ruqf@gmail.com
369,lmx11k@yahoo.com
370,lbmah71r@outlook.com
371,mfmy493@aol.com
372,62d5b4ox@gmail.com
373,2g4g3jo47@yahoo.com
374,bj65wgzqo1@outlook.com
375,mudg0z@aol.com
376,otgmi3knm@gmail.com
377,ur1lft@yahoo.com
378,ijph8@outlook.com
379,rwtr5845fl@aol.com
380,vcs0j1@gmail.com
381,2eqb4r007@yahoo.com
382,zvj7pb7h@outlook.com
383,v12qn49@aol.com
384,bgekjlj@gmail.com
385,7hdxae6@yahoo.com
386,agh47t4a@outlook.com
387,ayj6j9cjd@aol.com
388,m98g6@gmail.com
389,57x4vmh@yahoo.com
390,dhfjbyl@outlook.com
391,tgmraffs@aol.com
392,fjioob@gmail.com
393,42t0cly4u@yahoo.com
394,dfe45b5k@outlook.com
395,liv2q@aol.com
396,qo5mbig@gmail.com
397,qr6o60@yahoo.com
398,3pcj6l@outlook.com
399,lsax3iysv0@aol.com
400,rzk2n2o@gmail.com
401,6wiq994w@yahoo.com
402,uc8ikclyw6@outlook.com
403,aj5gtg7ex@aol.com
404,fd6x2jeh7t@gmail.com
405,pg9kv@yahoo.com
406,idijy@outlook.com
407,7mbadlld@aol.com
408,2e7v1db@gmail.com
409,bdm75xbeva@yahoo.com
410,krqmtjrh0t@outlook.com
411,yo6bq@aol.com
412,cysludutuh@gmail.com
413,yd9htm92@yahoo.com
414,woooxrn@outlook.com
415,es6qoe@aol.com
416,kdagonr@gmail.com
417,5q82b@yahoo.com
418,c766c35@outlook.com
419,z8ox7su68@aol.com
420,9xo3y@gmail.com
421,5s41pb@yahoo.com
422,qjg921oyl@outlook.com
423,mlzg9wm60g@aol.com
424,1qbyxwxh@gmail.com
425,wb4vw@yahoo.com
426,r4wnc1480b@outlook.com
427,ujulr@aol.com
428,nd0d43it@gmail.com
429,03u9id@yahoo.com
430,4hhyeqwu@outlook.com
431,80f2kl6@aol.com
432,amtkeov@gmail.com
433,vkidl53xx@yahoo.com
434,v9svfqx6@outlook.com
435,4a8g3c0a@aol.com
436,yhkeshgwc@gmail.com
437,ebdgaxkml@yahoo.com
438,r9f5o@outlook.com
439,q7ax26l@aol.com
440,01x5pwhr8n@gmail.com
441,gbjbj@yahoo.com
442,tmqrq2zql0@outlook.com
443,v0c2gi@aol.com
444,nc60bfu@gmail.com
445,426e7xrz@yahoo.com
446,rbifczer5b@outlook.com
447,t33p3kwd@aol.com
448,heh30b@gmail.com
449,0355b4tl3a@yahoo.com
450,01wd2n2@outlook.com
451,jgv0on@aol.com
452,vwesve7y7@gmail.com
453,vv7v2g@yahoo.com
454,2p8tdwn@outlook.com
455,61nvh@aol.com
456,v94419ztc@gmail.com
457,fgv123g84@yahoo.com
458,67f1pq0iq@outlook.com
459,7l1311izm7@aol.com
460,f6rifnxs@gmail.com
461,ytd4oevtx@yahoo.com
462,xuxjbwyfon@outlook.com
463,8trq787@aol.com
464,x6ea7ps@gmail.com
465,7yhgux9jd@yahoo.com
466,lqfl84ssd@outlook.com
467,nw672@aol.com
468,n9jfgsn95d@gmail.com
469,1txi1lyn@yahoo.com
470,eurvkfky9s@outlook.com
471,9lc3cyti5f@aol.com
472,hux5sk4p5@gmail.com
473,bnh8cyfdgd@yahoo.com
474,17x0h3@outlook.com
475,4s24n0h6@aol.com
476,wgqxwc@gmail.com
477,3yhe08i7a9@yahoo.com
478,4uvu3p02c@outlook.com
479,zq55l@aol.com
480,7shpy1@gmail.com
481,n7ivza@yahoo.com
482,dy38i@outlook.com
483,l56yhr@aol.com
484,ifv27bki@gmail.com
485,4j6dri@yahoo.com
486,la9danjt@outlook.com
487,s34owla@aol.com
488,zaw7g52ct2@gmail.com
489,rlo7yy@yahoo.com
490,2tpo3sqdjm@outlook.com
491,qr5ebgn@aol.com
492,l55e9h8@gmail.com
493,gl8wabj@yahoo.com
494,y69fo04cz@outlook.com
495,qvry97ke@aol.com
496,sfv4gkfa9s@gmail.com
497,pw3gzwu@yahoo.com
498,9wh6ikso@outlook.com
499,149z9v@aol.com
500,ua3mx@gmail.com
501,vvgph3y9b@yahoo.com
502,m8kutz@outlook.com
503,ldklad@aol.com
504,a4ujd2sn@gmail.com
505,5gdicoh2y8@yahoo.com
506,acenajaba@outlook.com
507,y8qfhmp@aol.com
508,rki8m@gmail.com
509,o7715h@yahoo.com
510,i0tligh@outlook.com
511,355vb5@aol.com
512,ljnpwer49@gmail.com
513,7earwhv@yahoo.com
514,5j2c3o2zxy@outlook.com
515,jdgakcc@aol.com
516,5yk1izp0l@gmail.com
517,lgyhxcc3@yahoo.com
518,0xj79s1j@outlook.com
519,6if17ee@aol.com
520,8xwo7h@gmail.com
521,wd5e2g3@yahoo.com
522,z79gt7r@outlook.com
523,kepmnmjyc@aol.com
524,1m4bqi@gmail.com
525,qx0b8domh@yahoo.com
526,jl8m2v7@outlook.com
527,s3zwkvwz@aol.com
528,g6lycp@gmail.com
529,jw889x2vt@yahoo.com
530,odb0cqnj@outlook.com
531,n2nktl7g7p@aol.com
532,idfve@gmail.com
533,vo47vgm7r@yahoo.com
534,njij6emvzg@outlook.com
535,rv6cz@aol.com
536,f3fur@gmail.com
537,xvku3@yahoo.com
538,psz6xjg@outlook.com
539,1ni6t@aol.com
540,t9c2s@gmail.com
541,812yp1m0j9@yahoo.com
542,aumj3wh@outlook.com
543,vcoc1@aol.com
544,gm38t5emqt@gmail.com
545,xuji7q5369@yahoo.com
546,p4xbavi4e@outlook.com
547,nr4oet1d@aol.com
548,wlbdl20ua@gmail.com
549,fjx6dbfow@yahoo.com
550,gxnxzba@outlook.com
551,d3hhvxvq@aol.com
552,e3m5x@gmail.com
553,p8e4ux@yahoo.com
554,mpi69e6z1c@outlook.com
555,9o2p342b1@aol.com
556,h1fo2qbw@gmail.com
557,31ylmskvpe@yahoo.com
558,mvsq5fcx@outlook.com
559,dt7rh5atc@aol.com
560,yqk60@gmail.com
561,v9dyzhpn4y@yahoo.com
562,ze9hr3g@outlook.com
563,76lpxr5rl@aol.com
564,2sjol@gmail.com
565,86jsk36m@yahoo.com
566,2t8dl4n@outlook.com
567,9gyhina5i@aol.com
568,n4pyoaz@gmail.com
569,sbpvm@yahoo.com
570,g6wivsyx7@outlook.com
571,vkz8sm07@aol.com
572,94jh66xyq0@gmail.com
573,ge67c@yahoo.com
574,4q5p9h@outlook.com
575,98ohj@aol.com
576,i6w8fb@gmail.com
577,tts0gdgy@yahoo.com
578,mthls07vus@outlook.com
579,2ej7r8t@aol.com
580,fmp8df25@gmail.com
581,tdby1ha4@yahoo.com
582,9jqobm8@outlook.com
583,ob2hqvbeb@aol.com
584,wi8khlhscm@gmail.com
585,aq6wevr8y@yahoo.com
586,q48c7br@outlook.com
587,9komn2@aol.com
588,rpxgi@gmail.com
589,pdww5bdwei@yahoo.com
590,nl6dxa1p5b@outlook.com
591,fss7qatr@aol.com
592,hv75z@gmail.com
593,z4mmffc3@yahoo.com
594,3skvjgad@outlook.com
595,oo1bufn5@aol.com
596,741yz@gmail.com
597,0uzkebie3j@yahoo.com
598,qk2bha@outlook.com
599,nrqbrk6z@aol.com
600,9n0wgrti4@gmail.com
601,srfdso@yahoo.com
602,yzlbk@outlook.com
603,16dnhlizf@aol.com
604,qu0ytbdhn2@gmail.com
605,3ckoj7n8hv@yahoo.com
606,854gnzet@outlook.com
607,3qj50sc@aol.com
608,6npfkymwe@gmail.com
609,454yznpz76@yahoo.com
610,nr2xk80p@outlook.com
611,rj9c76mmf@aol.com
612,kwzv36n5@gmail.com
613,q34fi9@yahoo.com
614,lhmkukq@outlook.com
615,ptk16@aol.com
616,9rupxv20v@gmail.com
617,e1oxbjtbff@yahoo.com
618,lpwe9ezy0@outlook.com
619,yc7lcj4i0@aol.com
620,z0y5s@gmail.com
621,rpc4vbb5s9@yahoo.com
622,hm3g2hesp@outlook.com
623,wcp5jxj74@aol.com
624,wi018tuvy@gmail.com
625,uz2ptf4n@yahoo.com
626,rp48zs@outlook.com
627,x2in8cgfj@aol.com
628,hkqlt6ri@gmail.com
629,igq2ks4uh@yahoo.com
630,z2g49@outlook.com
631,pwl4x7skb@aol.com
632,9b06lgeo@gmail.com
633,mxmis8@yahoo.com
634,rou79iq@outlook.com
635,0nfbxt@aol.com
636,7xbz2k@gmail.com
637,1zwbtcjk@yahoo.com
638,9mcqe5mow@outlook.com
639,agnxtu@aol.com
640,7gs9dzxf@gmail.com
641,zur2xh@yahoo.com
642,09jjg6m6@outlook.com
643,qimhk@aol.com
644,r1ltrz84j3@gmail.com
645,4h1bl15@yahoo.com
646,auaby0iv@outlook.com
647,8jv1fcu@aol.com
648,94u83y349h@gmail.com
649,qz5lwyr4v7@yahoo.com
650,lkh6lkqti3@outlook.com
651,92uliajwd5@aol.com
652,tw127ab@gmail.com
653,cc5qcfhk@yahoo.com
654,nw1cctggh0@outlook.com
655,57dtwiqw@aol.com
656,lrmp9tj39@gmail.com
657,5dq4vwj8bk@yahoo.com
658,tziyxkh90@outlook.com
659,dsxo1n94ke@aol.com
660,wazlkt@gmail.com
661,3a2cy@yahoo.com
662,4zzqh79@outlook.com
663,g3g8uu@aol.com
664,c3gt6om9@gmail.com
665,qvfolb9mj@yahoo.com
666,u9uiwii2d@outlook.com
667,2uomisbs3k@aol.com
668,b7c8evg3@gmail.com
669,bf0rp8b@yahoo.com
670,yzrujv9a@outlook.com
671,zlphb98o3@aol.com
672,0i0ycznbcv@gmail.com
673,nsnma@yahoo.com
674,pfd9w89@outlook.com
675,e1vhwlfj7q@aol.com
676,c7gj7vi@gmail.com
677,iqolz3k6sh@yahoo.com
678,tu5po94ch@outlook.com
679,lnkp0a@aol.com
680,7szam@gmail.com
681,8bgcmhke1@yahoo.com
682,cycto4@outlook.com
683,xfjve3@aol.com
684,att8s9@gmail.com
685,q3t5ji1@yahoo.com
686,fqf929cn4x@outlook.com
687,mydplb5g1@aol.com
688,5x0o8hetl2@gmail.com
689,hmqme7p@yahoo.com
690,cyg5a6j0sh@outlook.com
691,99hbckl6@aol.com
692,4xjslmuw@gmail.com
693,dz5jgvm6f@yahoo.com
694,s8mtq3z@outlook.com
695,t09tdr@aol.com
696,vfzv3h1@gmail.com
697,5ljedn@yahoo.com
698,daxrnpjd@outlook.com
699,rj5pqp3l1e@aol.com
700,cawpz8@gmail.com
701,7hnk91smc@yahoo.com
702,be09qcs@outlook.com
703,5djmo56@aol.com
704,bz4i2@gmail.com
705,q9obd@yahoo.com
706,4efurv@outlook.com
707,ja0uwk9h@aol.com
708,23cwu6kmi3@gmail.com
709,8ve3mi@yahoo.com
710,wrjujleq@outlook.com
711,76i6dzayzv@aol.com
712,4mee1l7wj0@gmail.com
713,z3p0gdi55m@yahoo.com
714,chhhwfa9hp@outlook.com
715,dlv3gmo@aol.com
716,acrn3kkt1@gmail.com
717,7q7km@yahoo.com
718,tdyr6p@outlook.com
719,8p5lq8px@aol.com
720,17fpar0rs4@gmail.com
721,hz41z@yahoo.com
722,4spf9rpj0@outlook.com
723,q45vok@aol.com
724,wycpg40gq0@gmail.com
725,nn38m1qfd@yahoo.com
726,fptbkkskc1@outlook.com
727,r9ss36@aol.com
728,xqasb@gmail.com
729,e543jaiqf1@yahoo.com
730,x19gw6ntt@outlook.com
731,7pq7s@aol.com
732,minprjji0@gmail.com
733,bn0juog1ne@yahoo.com
734,7pnnc6y@outlook.com
735,7muhdn@aol.com
736,rp6l6@gmail.com
737,x5bfp1h2@yahoo.com
738,0skw1@outlook.com
739,oumv6h@aol.com
740,bsxrtika@gmail.com
741,kh8mxndrjk@yahoo.com
742,t2pcw@outlook.com
743,81a6s@aol.com
744,ttey7@gmail.com
745,gylyzbwm@yahoo.com
746,zudh4@outlook.com
747,iuskn9@aol.com
748,7va8ii6m9l@gmail.com
749,txv55ondj7@yahoo.com
750,ixd5tpyx6c@outlook.com
751,wdupb@aol.com
752,qg08mjliq7@gmail.com
753,xe2kb49d@yahoo.com
754,c6aliso@outlook.com
755,jyl29o4ko@aol.com
756,h9h6466bp@gmail.com
757,he42jc6f@yahoo.com
758,tds1snhy2@outlook.com
759,05epqiyn9@aol.com
760,0xis39@gmail.com
761,76kcbhb7@yahoo.com
762,fwcb7@outlook.com
763,wissqwfth5@aol.com
764,77u5hst@gmail.com
765,tgygau@yahoo.com
766,jkoxn@outlook.com
767,gb3fbfq72@aol.com
768,ojvq3hz@gmail.com
769,cdeew46fd@yahoo.com
770,ehuw13@outlook.com
771,d1ape9i0ob@aol.com
772,pezq9m3p@gmail.com
773,sydoepazun@yahoo.com
774,zoldaid@outlook.com
775,yf4zdsde@aol.com
776,10hvwtqvvf@gmail.com
777,4bc289reu8@yahoo.com
778,k6jwnk@outlook.com
779,67ezhipm@aol.com
780,9y6v676mi@gmail.com
781,ts1jl@yahoo.com
782,92niv@outlook.com
783,voz79zi5oi@aol.com
784,19dxu6z9@gmail.com
785,zixgwfqni6@yahoo.com
786,7ln3hh6@outlook.com
787,h8jqz0pk8@aol.com
788,7cd0wm@gmail.com
789,uywoin@yahoo.com
790,5dok5jkq@outlook.com
791,by1jxsqzz@aol.com
792,scs75@gmail.com
793,90vjz0a@yahoo.com
794,x0blefzp@outlook.com
795,8uqtyup0iy@aol.com
796,sh142ydtr@gmail.com
797,1i7lvvi@yahoo.com
798,hyf593a@outlook.com
799,w3lkvj@aol.com
800,d7fgj352w@gmail.com
801,snpcq2vd42@yahoo.com
802,1rtcabthfd@outlook.com
803,odt3k@aol.com
804,tzc1d@gmail.com
805,eocbpqc@yahoo.com
806,0m1og4xs@outlook.com
807,dsm4h67@aol.com
808,3130ymgm@gmail.com
809,uwqyd0b0gz@yahoo.com
810,nujv9jv@outlook.com
811,jmvp10d@aol.com
812,66z2zcy9e@gmail.com
813,f8k0w0q@yahoo.com
814,tf7nqls8n@outlook.com
815,7e7be@aol.com
816,lkzue@gmail.com
817,h41h35w1c@yahoo.com
818,d58wedsu@outlook.com
819,2e06chr43@aol.com
820,j01etn2@gmail.com
821,7da38@yahoo.com
822,8s98uxr@outlook.com
823,dd0vz0@aol.com
824,otz7k4p@gmail.com
825,p8uoh1r7a@yahoo.com
826,wpfn1964e@outlook.com
827,zavg6@aol.com
828,dwt9l3le@gmail.com
829,1clhof@yahoo.com
830,pc9rz@outlook.com
831,01bsqbd@aol.com
832,kq3pkk0u@gmail.com
833,8f3xlvs@yahoo.com
834,6t9vg@outlook.com
835,yie15@aol.com
836,0on61kv2@gmail.com
837,uotuc@yahoo.com
838,myx7ui06@outlook.com
839,fjkfjnyu42@aol.com
840,yaqcq@gmail.com
841,q62aoo8rn@yahoo.com
842,w8b22trawg@outlook.com
843,yt5wto73ml@aol.com
844,et4nwzod@gmail.com
845,cl1xcg0@yahoo.com
846,tghipqe@outlook.com
847,ayiq0ya3j@aol.com
848,tevuid@gmail.com
849,ywyui8dr@yahoo.com
850,0w98d@outlook.com
851,ds7radgr8@aol.com
852,2clsowrm14@gmail.com
853,vdqpdcgy4@yahoo.com
854,0c0t4iurew@outlook.com
855,ym240qih@aol.com
856,ztg76p4ty@gmail.com
857,4uhe4icl5i@yahoo.com
858,g133upi@outlook.com
859,canyuni@aol.com
860,1445lazt@gmail.com
861,c1omv6ln7@yahoo.com
862,nfpjeu7bhf@outlook.com
863,k4x3r6r@aol.com
864,3y6en3b9du@gmail.com
865,pviw5shqp9@yahoo.com
866,zq3ce2x@outlook.com
867,1h7tnw1fpi@aol.com
868,4abjho@gmail.com
869,5a6x77p9k@yahoo.com
870,p7vd20@outlook.com
871,3471k1@aol.com
872,awiekv@gmail.com
873,z66m7vi2l@yahoo.com
874,975w2u@outlook.com
875,75bwn@aol.com
876,vnar2m35@gmail.com
877,b8ul08w5vd@yahoo.com
878,5bl1tn77u@outlook.com
879,pb6a7c@aol.com
880,6qttkxdifh@gmail.com
881,jgbq2l@yahoo.com
882,21vb05p3@outlook.com
883,8wnilol@aol.com
884,4f1fqc2@gmail.com
885,7k7hvxl@yahoo.com
886,hfwbb2r@outlook.com
887,fdcs03vr@aol.com
888,fr6s4pwak@gmail.com
889,z2li6v@yahoo.com
890,9pjuqsc@outlook.com
891,j4b2696l@aol.com
892,3w4idc5u@gmail.com
893,us8l0aq@yahoo.com
894,icw9l@outlook.com
895,diryq5sjzk@aol.com
896,w4prw@gmail.com
897,xrlpjwyq8@yahoo.com
898,vr8bihvb8@outlook.com
899,26rft2s@aol.com
900,gh3urjnk3c@gmail.com
901,fr2m172@yahoo.com
902,b72ms@outlook.com
903,he8zjm7d@aol.com
904,u4xyrmpjwt@gmail.com
905,g88lvvbcrq@yahoo.com
906,70s8s@outlook.com
907,ppamb75@aol.com
908,51y859zz@gmail.com
909,vrvki@yahoo.com
910,030t1@outlook.com
911,ygiikjso@aol.com
912,ttgekgl@gmail.com
913,73fel6pyz@yahoo.com
914,zdxl548@outlook.com
915,nz06496@aol.com
916,7d33krc4w@gmail.com
917,kiato4nqh@yahoo.com
918,b4uad37n@outlook.com
919,63ctur@aol.com
920,uiizvrr@gmail.com
921,o94klt1eg@yahoo.com
922,br8ck4f@outlook.com
923,vq0q8u83t@aol.com
924,1mhucn17@gmail.com
925,nyxsu4wlsu@yahoo.com
926,sh6xzx7v9@outlook.com
927,2vbav@aol.com
928,t3tcik@gmail.com
929,tomqny@yahoo.com
930,5yqzv2efr@outlook.com
931,x4zw240w@aol.com
932,1a884w@gmail.com
933,zkhrmg4fn@yahoo.com
934,jr1oy@outlook.com
935,k77nq1xu@aol.com
936,zazpplu86q@gmail.com
937,so3dshyiw8@yahoo.com
938,4gd2qr4@outlook.com
939,ngpij52@aol.com
940,hwkk8v2@gmail.com
941,w0khh4f4@yahoo.com
942,z1jlj@outlook.com
943,vtf0oxb3w1@aol.com
944,j6d7up2yi@gmail.com
945,lsd93@yahoo.com
946,n0c9syj@outlook.com
947,9xfqm@aol.com
948,174trrm3t@gmail.com
949,swv8wdmp@yahoo.com
950,e8jtg33th@outlook.com
951,xdgrc@aol.com
952,k1r692rr2@gmail.com
953,y95ojty69@yahoo.com
954,0de14ns@outlook.com
955,ob6ii34zob@aol.com
956,u4ewe56w@gmail.com
957,u2r0y8v9@yahoo.com
958,x66neg4f@outlook.com
959,hlq88z492f@aol.com
960,8npsj@gmail.com
961,8v0oothm8@yahoo.com
962,thy8qjg4@outlook.com
963,35opqo2j4r@aol.com
964,z0vmkkf7e0@gmail.com
965,0qcx6vi8@yahoo.com
966,puerqbg@outlook.com
967,lpgyf8@aol.com
968,r8mqnwhjb@gmail.com
969,m8zylo4pml@yahoo.com
970,wzgq69t9@outlook.com
971,trtopl@aol.com
972,iya6qzlv@gmail.com
973,sfgnmc@yahoo.com
974,px1ljgn@outlook.com
975,qxhkwzb9mu@aol.com
976,rxkuh7@gmail.com
977,xm0rp3@yahoo.com
978,29sumb6@outlook.com
979,qfquqi@aol.com
980,nx8zkns@gmail.com
981,443wha@yahoo.com
982,xwvl1p@outlook.com
983,7y9h4m276@aol.com
984,9zvdo@gmail.com
985,j5393c@yahoo.com
986,gtwrm@outlook.com
987,q1llo47xz@aol.com
988,kem70wsf8@gmail.com
989,d5mrlt4nn@yahoo.com
990,llyfu4h2l@outlook.com
991,gyfzy3c7@aol.com
992,lpkvwgv4z@gmail.com
993,n461w6f@yahoo.com
994,j0zuydao@outlook.com
995,8avbjap7@aol.com
996,2gnzs@gmail.com
997,8ht1n6r@yahoo.com
998,ngmzgdn@outlook.com
999,8q9b6@aol.com
1000,cfq3vrehdd@gmail.com
